aleatorio,grado,cercania,harmonica,pagerank,intermediacion,num_ataques
1,1,1,1,1,1,0.0
1,1,1,1,1,1,0.0004
1,1,1,1,1,1,0.0008
1,1,1,1,1,1,0.0012
1,1,1,1,1,1,0.0016
1,1,1,1,1,1,0.002
1,1,1,1,1,1,0.0024
1,1,1,1,1,1,0.0028
1,1,1,1,1,1,0.0032
1,1,1,1,1,1,0.0036
1,1,1,1,1,1,0.004
1,1,1,1,1,1,0.0044
1,1,1,1,1,1,0.0048
1,1,1,1,1,1,0.0052
1,1,1,1,1,1,0.0056
1,1,1,1,1,1,0.006
1,1,1,1,1,1,0.0064
1,1,1,1,1,1,0.0068
1,1,1,1,1,1,0.0072
1,1,1,1,1,1,0.0076
1,1,1,1,1,1,0.008
1,1,1,1,1,1,0.0084
1,1,1,1,1,1,0.0088
1,1,1,1,1,1,0.0092
1,1,1,1,1,1,0.0096
1,1,1,1,1,1,0.01
1,1,1,1,1,1,0.0104
1,1,1,1,1,1,0.0108
1,1,1,1,1,1,0.0112
1,1,1,1,1,1,0.0116
1,1,1,1,1,1,0.012
1,1,1,1,1,1,0.0124
1,1,1,1,1,1,0.0128
1,1,1,1,1,1,0.0132
1,1,1,1,1,1,0.0136
1,1,1,1,1,1,0.014
1,1,1,1,1,1,0.0144
1,1,1,1,1,1,0.0148
1,1,1,1,1,1,0.0152
1,1,1,1,1,1,0.0156
1,1,1,1,1,1,0.016
1,1,1,1,1,1,0.0164
1,1,1,1,1,1,0.0168
1,1,1,1,1,1,0.0172
1,1,1,1,1,1,0.0176
1,1,1,1,1,1,0.018
1,1,1,1,1,1,0.0184
1,1,1,1,1,1,0.0188
1,1,1,1,1,1,0.0192
1,1,1,1,1,1,0.0196
1,1,1,1,1,1,0.02
1,1,1,1,1,1,0.0204
1,1,1,1,1,1,0.0208
1,1,1,1,1,1,0.0212
1,1,1,1,1,1,0.0216
1,1,1,1,1,1,0.022
1,1,1,1,1,1,0.0224
1,1,1,1,1,1,0.0228
1,1,1,1,1,1,0.0232
1,1,1,1,1,1,0.0236
1,1,1,1,1,1,0.024
1,1,1,1,1,1,0.0244
1,1,1,1,1,1,0.0248
1,1,1,1,1,1,0.0252
1,1,1,1,1,2,0.0256
1,1,1,1,1,2,0.026
1,1,1,1,1,2,0.0264
1,1,1,1,1,2,0.0268
1,1,1,1,1,2,0.0272
1,1,1,1,1,2,0.0276
1,1,1,1,1,2,0.028
1,1,1,1,1,2,0.0284
1,1,1,1,1,2,0.0288
1,1,1,1,1,2,0.0292
1,1,1,1,1,2,0.0296
1,1,1,1,1,2,0.03
1,1,1,1,1,2,0.0304
1,1,1,1,1,2,0.0308
1,1,1,1,1,2,0.0312
1,1,1,1,1,2,0.0316
1,1,1,1,1,2,0.032
1,1,1,1,1,2,0.0324
1,1,1,1,1,2,0.0328
1,1,1,1,1,2,0.0332
1,1,1,1,1,2,0.0336
1,1,1,1,1,2,0.034
1,1,1,1,1,2,0.0344
1,1,1,1,1,2,0.0348
1,1,1,1,1,2,0.0352
1,1,1,1,1,2,0.0356
1,1,1,1,1,2,0.036
1,1,1,1,1,2,0.0364
1,1,1,1,1,2,0.0368
1,1,1,1,1,2,0.0372
1,1,1,1,1,2,0.0376
1,1,1,1,1,2,0.038
1,1,1,1,1,2,0.0384
1,1,1,1,1,2,0.0388
1,1,1,1,1,2,0.0392
1,1,2,1,1,2,0.0396
1,1,2,1,1,2,0.04
1,1,2,1,1,2,0.0404
1,1,2,1,1,2,0.0408
1,1,2,1,1,2,0.0412
1,1,2,1,1,2,0.0416
1,1,2,1,1,2,0.042
1,1,2,1,1,2,0.0424
1,1,2,1,1,2,0.0428
1,1,2,1,1,2,0.0432
1,1,2,1,1,2,0.0436
1,1,2,1,1,2,0.044
1,1,2,1,1,2,0.0444
1,1,2,1,1,2,0.0448
1,1,2,1,1,2,0.0452
1,1,2,1,1,2,0.0456
1,1,2,1,1,2,0.046
1,1,2,1,1,2,0.0464
1,1,2,1,1,2,0.0468
1,1,2,1,1,2,0.0472
1,1,2,1,1,2,0.0476
1,1,2,1,1,2,0.048
1,1,2,1,1,2,0.0484
1,1,2,1,1,2,0.0488
1,1,2,1,1,2,0.0492
1,1,3,1,1,2,0.0496
1,1,3,1,1,2,0.05
1,1,3,1,1,2,0.0504
1,1,3,1,1,2,0.0508
1,1,3,1,1,2,0.0512
1,1,3,1,1,3,0.0516
1,1,3,1,1,3,0.052
1,1,3,1,1,3,0.0524
1,1,3,1,1,3,0.0528
1,1,3,1,1,3,0.0532
1,1,3,1,1,3,0.0536
1,1,3,1,1,3,0.054
1,1,3,1,1,3,0.0544
1,1,3,1,1,3,0.0548
1,1,3,1,1,3,0.0552
1,1,3,1,1,3,0.0556
1,1,3,1,1,3,0.056
1,1,3,1,1,3,0.0564
1,1,4,1,1,3,0.0568
1,1,4,1,1,3,0.0572
1,1,5,1,1,3,0.0576
1,1,5,1,1,3,0.058
1,1,5,1,1,3,0.0584
1,1,5,1,1,3,0.0588
1,1,5,1,1,3,0.0592
1,1,5,1,1,3,0.0596
1,1,5,1,1,3,0.06
1,1,5,1,1,3,0.0604
1,1,5,1,1,3,0.0608
1,1,5,1,1,4,0.0612
1,1,5,1,1,4,0.0616
1,1,5,1,1,4,0.062
1,1,5,1,1,4,0.0624
1,1,5,1,1,4,0.0628
1,1,5,1,1,4,0.0632
1,1,5,1,1,4,0.0636
1,1,5,1,1,5,0.064
1,1,5,1,1,5,0.0644
1,1,5,1,1,5,0.0648
1,1,5,1,1,5,0.0652
1,1,5,1,1,5,0.0656
1,1,5,1,1,5,0.066
1,1,5,1,1,5,0.0664
1,1,5,1,1,5,0.0668
1,1,5,1,1,5,0.0672
1,1,5,2,1,5,0.0676
1,1,5,2,1,5,0.068
1,1,5,2,1,5,0.0684
1,1,5,2,1,5,0.0688
1,1,5,2,1,5,0.0692
1,1,5,2,1,5,0.0696
1,1,5,2,1,5,0.07
1,1,5,2,1,5,0.0704
1,1,5,2,1,5,0.0708
1,1,5,2,1,5,0.0712
1,1,5,2,1,5,0.0716
1,1,5,2,1,5,0.072
1,1,5,2,1,5,0.0724
1,1,5,2,1,5,0.0728
1,1,6,2,1,5,0.0732
1,1,6,2,1,5,0.0736
1,1,6,2,1,6,0.074
1,1,6,2,1,6,0.0744
1,1,6,2,1,6,0.0748
1,1,6,2,1,6,0.0752
1,1,6,2,1,6,0.0756
1,1,6,2,1,6,0.076
1,1,6,2,1,6,0.0764
1,1,6,2,1,6,0.0768
1,1,6,2,1,6,0.0772
1,1,6,2,1,6,0.0776
1,1,6,2,1,6,0.078
1,1,6,2,1,6,0.0784
1,1,6,2,1,6,0.0788
1,1,6,2,1,6,0.0792
1,1,6,2,1,6,0.0796
1,1,6,2,1,6,0.08
1,1,7,2,1,6,0.0804
1,1,7,2,1,6,0.0808
1,1,7,2,1,6,0.0812
1,1,7,2,1,6,0.0816
1,1,7,2,1,6,0.082
1,1,7,2,1,6,0.0824
1,1,7,2,1,6,0.0828
1,1,7,2,1,6,0.0832
1,1,7,2,1,6,0.0836
1,1,7,2,1,6,0.084
1,1,7,2,1,6,0.0844
1,1,7,2,1,6,0.0848
1,1,7,2,1,6,0.0852
1,1,7,2,1,6,0.0856
1,1,7,2,1,6,0.086
1,1,7,2,1,6,0.0864
1,1,7,2,1,6,0.0868
1,1,7,2,1,6,0.0872
1,1,7,2,1,6,0.0876
1,1,7,2,1,6,0.088
1,1,7,2,1,6,0.0884
1,1,7,2,1,6,0.0888
1,1,7,2,1,6,0.0892
1,1,7,2,1,6,0.0896
1,1,7,2,1,7,0.09
1,1,7,2,1,7,0.0904
1,1,7,2,1,7,0.0908
1,1,7,2,1,7,0.0912
1,1,7,2,1,7,0.0916
1,1,7,2,1,7,0.092
1,1,7,2,1,7,0.0924
1,1,7,2,1,7,0.0928
1,1,7,2,1,7,0.0932
1,1,7,2,1,7,0.0936
1,1,7,2,1,7,0.094
1,1,8,2,1,7,0.0944
1,1,8,2,1,7,0.0948
1,1,8,2,1,7,0.0952
1,1,8,2,1,7,0.0956
1,1,8,2,1,7,0.096
1,1,8,2,1,7,0.0964
1,1,8,2,1,7,0.0968
1,1,8,2,1,7,0.0972
1,1,8,2,1,7,0.0976
1,1,8,2,1,7,0.098
1,1,8,2,1,7,0.0984
1,1,8,2,1,7,0.0988
1,1,8,2,1,7,0.0992
1,1,8,2,2,7,0.0996
1,1,8,2,2,7,0.1
1,1,8,2,2,7,0.1004
1,1,8,2,2,7,0.1008
1,1,8,2,2,7,0.1012
1,1,8,2,2,7,0.1016
1,1,8,2,2,8,0.102
1,1,8,2,2,8,0.1024
1,1,8,2,2,8,0.1028
1,1,8,2,2,8,0.1032
1,1,8,2,2,8,0.1036
1,1,8,2,2,8,0.104
1,1,8,2,2,8,0.1044
1,1,8,2,2,8,0.1048
1,1,8,2,2,8,0.1052
1,1,8,2,2,8,0.1056
1,1,8,2,2,8,0.106
1,1,8,2,2,8,0.1064
1,1,8,2,2,8,0.1068
1,1,8,2,2,8,0.1072
1,1,8,2,2,8,0.1076
1,1,8,2,2,8,0.108
1,2,8,2,2,8,0.1084
1,2,8,2,2,8,0.1088
1,2,8,2,2,8,0.1092
1,2,8,2,2,8,0.1096
1,2,8,2,2,8,0.11
1,2,8,2,2,8,0.1104
1,2,8,2,2,8,0.1108
1,2,8,3,2,8,0.1112
1,2,8,3,2,8,0.1116
1,2,8,3,2,8,0.112
1,2,8,3,2,8,0.1124
1,2,8,3,2,8,0.1128
1,2,8,3,2,8,0.1132
1,2,8,3,2,8,0.1136
1,2,8,3,2,8,0.114
1,2,8,3,2,8,0.1144
1,2,8,3,2,8,0.1148
1,2,8,3,2,8,0.1152
1,2,8,3,2,8,0.1156
1,2,8,3,2,8,0.116
1,2,8,3,2,8,0.1164
1,2,8,3,2,8,0.1168
1,2,8,3,2,8,0.1172
1,2,8,3,2,8,0.1176
1,2,8,3,2,8,0.118
1,2,8,3,2,8,0.1184
1,2,8,3,2,8,0.1188
1,2,8,3,2,8,0.1192
1,2,8,3,2,8,0.1196
1,2,8,3,2,8,0.12
1,2,8,3,2,8,0.1204
1,2,8,3,2,8,0.1208
1,2,8,3,2,8,0.1212
1,2,8,3,2,8,0.1216
1,2,8,3,2,8,0.122
1,2,8,3,2,8,0.1224
1,2,8,3,2,8,0.1228
1,2,8,3,2,8,0.1232
1,2,8,3,2,8,0.1236
1,2,8,3,2,8,0.124
1,2,8,3,2,8,0.1244
1,2,8,3,2,9,0.1248
1,2,8,3,3,9,0.1252
1,2,8,3,3,10,0.1256
1,2,8,3,3,10,0.126
1,2,8,3,3,10,0.1264
1,2,8,3,3,10,0.1268
1,2,8,3,3,11,0.1272
1,2,8,3,3,11,0.1276
1,2,8,3,3,11,0.128
1,2,8,3,3,11,0.1284
1,2,8,3,3,11,0.1288
1,2,8,3,3,11,0.1292
1,2,8,3,3,11,0.1296
1,2,8,3,3,11,0.13
1,2,8,3,3,11,0.1304
1,2,9,3,3,11,0.1308
1,2,9,3,3,11,0.1312
1,2,9,3,3,11,0.1316
1,2,9,3,3,11,0.132
1,2,9,3,3,11,0.1324
1,2,9,3,3,11,0.1328
1,2,9,3,3,11,0.1332
1,2,9,3,3,11,0.1336
1,2,9,3,3,11,0.134
1,2,9,3,3,11,0.1344
1,2,9,3,3,11,0.1348
1,2,9,3,3,11,0.1352
1,2,9,3,3,11,0.1356
1,2,9,3,3,11,0.136
1,2,9,3,3,11,0.1364
1,2,9,3,3,11,0.1368
1,2,9,3,3,12,0.1372
1,2,9,3,3,12,0.1376
1,2,9,3,3,12,0.138
1,2,9,3,3,12,0.1384
1,2,9,3,3,12,0.1388
1,2,9,3,3,12,0.1392
1,2,9,3,4,13,0.1396
1,2,9,3,4,13,0.14
1,2,9,3,4,14,0.1404
1,2,9,3,4,14,0.1408
1,2,9,3,4,14,0.1412
1,2,9,3,4,14,0.1416
1,2,9,3,4,14,0.142
1,2,9,3,4,14,0.1424
1,2,9,3,4,14,0.1428
1,2,9,3,4,14,0.1432
1,2,9,3,4,14,0.1436
1,2,9,3,4,14,0.144
1,2,9,3,4,14,0.1444
1,2,9,3,4,14,0.1448
1,2,9,3,4,14,0.1452
1,2,9,3,4,14,0.1456
1,2,9,3,4,14,0.146
1,2,9,3,4,14,0.1464
1,2,9,3,4,14,0.1468
1,2,9,3,4,14,0.1472
1,2,9,3,4,14,0.1476
1,2,9,3,4,14,0.148
1,2,9,3,4,14,0.1484
1,2,9,3,4,14,0.1488
1,2,9,3,4,14,0.1492
1,2,9,3,4,14,0.1496
1,2,9,3,4,14,0.15
1,2,9,3,4,15,0.1504
1,2,9,3,4,15,0.1508
1,2,9,3,4,15,0.1512
1,2,9,3,4,15,0.1516
1,2,9,3,4,15,0.152
1,2,9,3,4,15,0.1524
1,3,9,3,4,15,0.1528
1,3,9,3,4,15,0.1532
1,3,9,3,4,15,0.1536
1,3,9,3,4,15,0.154
1,3,9,3,4,15,0.1544
1,3,9,3,4,15,0.1548
1,3,9,3,4,15,0.1552
1,3,9,3,4,15,0.1556
1,3,9,3,4,15,0.156
1,3,9,3,5,15,0.1564
1,3,9,3,5,15,0.1568
1,3,9,3,5,15,0.1572
1,3,9,3,5,15,0.1576
1,3,9,4,5,15,0.158
1,3,9,4,5,15,0.1584
1,3,9,4,5,16,0.1588
1,3,9,4,5,16,0.1592
1,3,9,4,5,16,0.1596
1,3,9,4,5,16,0.16
1,3,9,4,5,16,0.1604
1,3,9,4,5,16,0.1608
1,3,9,4,5,16,0.1612
1,3,9,4,5,16,0.1616
1,3,9,4,5,16,0.162
1,3,10,4,5,16,0.1624
1,3,10,4,5,16,0.1628
1,3,10,4,5,17,0.1632
1,3,10,4,5,17,0.1636
1,3,10,4,5,17,0.164
1,3,10,4,5,17,0.1644
1,3,10,4,5,17,0.1648
1,3,10,4,5,17,0.1652
1,3,10,4,5,17,0.1656
1,3,10,4,5,17,0.166
1,3,10,4,5,17,0.1664
1,3,10,4,5,17,0.1668
1,3,10,4,5,17,0.1672
1,3,10,4,5,17,0.1676
1,3,10,4,5,17,0.168
1,3,10,4,5,17,0.1684
1,3,10,4,5,17,0.1688
1,3,10,4,6,17,0.1692
1,3,10,4,6,17,0.1696
1,3,10,4,6,17,0.17
1,3,10,4,6,17,0.1704
1,3,10,4,6,17,0.1708
1,3,10,4,6,17,0.1712
1,3,10,4,6,17,0.1716
1,3,10,4,6,18,0.172
1,3,10,4,7,18,0.1724
1,3,10,4,8,18,0.1728
1,3,10,4,8,18,0.1732
1,3,10,4,8,18,0.1736
1,3,10,4,8,18,0.174
1,3,10,4,8,18,0.1744
1,3,10,4,8,18,0.1748
1,3,10,4,8,18,0.1752
1,3,10,4,8,18,0.1756
1,3,10,4,8,18,0.176
1,3,10,4,9,18,0.1764
1,3,10,4,9,18,0.1768
1,3,10,4,9,18,0.1772
1,3,10,4,9,18,0.1776
1,3,10,4,9,18,0.178
1,3,10,4,9,18,0.1784
1,3,10,4,9,18,0.1788
1,3,10,4,9,18,0.1792
1,4,10,4,9,18,0.1796
1,4,10,4,9,18,0.18
1,4,10,4,9,18,0.1804
1,4,10,4,9,18,0.1808
1,4,10,4,9,18,0.1812
1,4,10,4,9,18,0.1816
1,4,10,4,9,18,0.182
1,4,10,4,9,18,0.1824
1,4,10,4,9,18,0.1828
1,4,10,4,9,18,0.1832
1,4,10,4,10,18,0.1836
1,4,10,4,10,18,0.184
1,4,10,4,10,18,0.1844
1,4,10,4,10,18,0.1848
1,4,11,4,10,19,0.1852
1,4,11,4,12,19,0.1856
1,4,11,5,13,19,0.186
1,4,11,5,13,19,0.1864
1,4,11,5,13,19,0.1868
1,4,12,5,13,19,0.1872
1,4,12,5,15,19,0.1876
1,4,12,5,16,19,0.188
1,4,12,5,16,19,0.1884
1,4,12,5,18,19,0.1888
1,4,12,5,18,20,0.1892
1,4,12,5,18,20,0.1896
1,4,12,5,18,20,0.19
1,4,12,5,18,20,0.1904
1,4,12,5,18,20,0.1908
1,4,12,5,18,20,0.1912
1,4,13,5,18,20,0.1916
1,4,13,5,18,20,0.192
1,5,13,5,18,20,0.1924
1,6,13,5,19,20,0.1928
1,6,13,5,19,20,0.1932
1,6,13,5,20,20,0.1936
1,6,13,5,20,20,0.194
1,6,13,5,20,20,0.1944
1,6,13,5,22,21,0.1948
1,6,13,5,22,21,0.1952
1,6,13,5,22,21,0.1956
1,6,13,5,22,21,0.196
1,6,13,5,22,21,0.1964
1,6,13,5,22,21,0.1968
1,6,13,5,22,21,0.1972
1,6,13,5,22,21,0.1976
1,6,13,5,22,21,0.198
1,6,13,5,22,21,0.1984
1,6,13,5,22,21,0.1988
1,6,13,5,22,21,0.1992
1,6,13,5,24,21,0.1996
1,6,13,5,24,21,0.2
1,6,13,5,24,21,0.2004
1,6,13,5,24,21,0.2008
1,6,13,5,25,21,0.2012
1,6,13,5,26,21,0.2016
1,6,13,5,26,21,0.202
1,6,13,5,26,21,0.2024
1,6,13,5,27,21,0.2028
1,6,13,5,27,21,0.2032
1,6,13,5,27,21,0.2036
1,6,13,5,27,21,0.204
1,6,13,5,27,21,0.2044
1,6,13,5,28,21,0.2048
1,6,13,5,28,21,0.2052
1,6,13,5,28,21,0.2056
1,6,13,5,28,21,0.206
1,6,13,5,28,21,0.2064
1,6,13,5,28,21,0.2068
1,6,13,5,28,21,0.2072
1,6,13,5,29,22,0.2076
1,6,13,5,30,22,0.208
1,6,13,5,30,22,0.2084
1,6,13,5,31,23,0.2088
1,6,13,5,31,23,0.2092
1,6,13,5,33,23,0.2096
1,6,13,5,33,23,0.21
1,6,13,5,33,23,0.2104
1,6,13,5,33,23,0.2108
1,6,13,5,33,23,0.2112
1,6,13,5,33,23,0.2116
1,6,13,5,34,23,0.212
1,6,13,5,36,23,0.2124
1,6,13,5,36,23,0.2128
1,6,13,5,38,23,0.2132
1,6,13,5,38,23,0.2136
1,6,13,5,40,23,0.214
1,6,13,5,41,23,0.2144
1,6,13,5,42,23,0.2148
1,6,13,5,42,24,0.2152
1,6,13,5,44,25,0.2156
1,6,13,5,44,25,0.216
2,6,13,5,46,25,0.2164
2,6,13,5,47,25,0.2168
2,6,13,5,47,25,0.2172
2,6,13,5,47,25,0.2176
2,6,13,5,48,25,0.218
2,6,13,5,48,26,0.2184
2,6,13,5,48,27,0.2188
2,6,13,5,48,27,0.2192
2,6,13,5,48,27,0.2196
2,6,13,5,48,27,0.22
2,6,13,5,48,27,0.2204
2,6,13,5,49,27,0.2208
2,6,13,5,49,27,0.2212
2,6,13,5,50,27,0.2216
2,6,13,5,52,27,0.222
2,6,13,5,52,27,0.2224
2,6,13,5,53,27,0.2228
2,6,13,5,53,27,0.2232
2,6,13,5,53,27,0.2236
2,6,13,5,53,27,0.224
2,6,13,5,53,27,0.2244
2,6,13,5,53,27,0.2248
2,6,13,5,53,28,0.2252
2,6,13,5,53,28,0.2256
2,6,13,5,53,28,0.226
2,6,13,5,53,28,0.2264
2,6,13,5,53,28,0.2268
2,6,13,5,53,28,0.2272
2,6,14,5,55,28,0.2276
2,6,14,5,55,28,0.228
2,6,14,5,55,28,0.2284
2,6,14,5,55,28,0.2288
2,6,14,5,55,28,0.2292
2,6,14,5,55,28,0.2296
2,6,14,5,56,28,0.23
2,6,15,5,57,28,0.2304
2,6,15,5,58,28,0.2308
2,6,15,5,60,28,0.2312
2,6,15,5,61,28,0.2316
2,6,15,5,61,28,0.232
2,6,15,5,61,28,0.2324
2,6,15,5,62,28,0.2328
2,6,15,5,62,28,0.2332
2,6,15,5,62,28,0.2336
2,6,15,5,62,28,0.234
2,6,15,5,63,28,0.2344
2,6,15,5,63,28,0.2348
2,6,15,5,64,28,0.2352
2,6,15,5,64,29,0.2356
2,6,15,5,64,29,0.236
2,6,15,5,64,29,0.2364
2,6,15,5,64,29,0.2368
2,6,15,5,64,29,0.2372
2,6,15,5,64,29,0.2376
2,6,15,5,64,29,0.238
2,6,15,5,64,29,0.2384
2,6,15,5,64,29,0.2388
2,6,15,5,64,29,0.2392
2,6,15,5,64,29,0.2396
2,6,15,5,64,29,0.24
2,6,15,5,64,29,0.2404
2,6,15,5,64,29,0.2408
2,6,15,5,64,29,0.2412
2,6,15,5,64,29,0.2416
2,6,15,5,64,29,0.242
2,6,15,5,64,29,0.2424
2,6,15,5,64,29,0.2428
2,6,15,5,64,29,0.2432
2,6,15,5,65,29,0.2436
2,6,15,5,66,29,0.244
2,6,15,5,66,29,0.2444
2,6,15,5,66,30,0.2448
2,6,15,5,66,30,0.2452
2,7,15,5,66,30,0.2456
2,7,15,5,67,30,0.246
2,7,15,5,67,30,0.2464
2,8,15,5,68,30,0.2468
2,8,15,5,68,30,0.2472
2,9,15,5,68,30,0.2476
2,9,15,5,69,30,0.248
2,9,15,5,71,30,0.2484
2,9,15,5,71,30,0.2488
2,9,15,5,72,30,0.2492
2,9,15,6,73,30,0.2496
2,9,15,6,74,30,0.25
2,9,15,6,75,30,0.2504
2,9,15,6,75,31,0.2508
2,9,15,6,75,31,0.2512
2,9,15,7,75,31,0.2516
2,9,15,7,76,32,0.252
2,9,15,7,77,32,0.2524
2,9,15,7,77,32,0.2528
2,9,15,7,78,32,0.2532
2,9,15,7,79,32,0.2536
2,9,15,7,80,32,0.254
2,10,15,7,80,32,0.2544
2,11,15,7,82,32,0.2548
2,11,15,7,82,32,0.2552
2,11,15,7,82,32,0.2556
2,12,15,7,82,32,0.256
3,12,15,7,82,32,0.2564
3,12,15,7,82,32,0.2568
3,12,15,7,82,32,0.2572
3,13,15,7,82,32,0.2576
3,13,15,7,82,32,0.258
3,14,15,7,82,32,0.2584
3,14,15,7,82,32,0.2588
3,14,15,7,84,32,0.2592
3,14,15,7,84,32,0.2596
3,14,15,7,84,32,0.26
3,15,15,7,85,32,0.2604
3,15,15,7,85,32,0.2608
3,15,15,7,85,32,0.2612
3,15,15,7,87,32,0.2616
3,16,15,7,87,32,0.262
3,16,15,7,88,32,0.2624
3,16,15,8,88,32,0.2628
3,16,15,8,90,32,0.2632
3,17,15,8,91,32,0.2636
3,17,15,8,92,32,0.264
3,17,15,8,94,32,0.2644
3,17,15,8,94,32,0.2648
3,17,15,8,94,32,0.2652
3,17,15,8,94,32,0.2656
3,17,15,8,95,32,0.266
3,17,15,8,97,32,0.2664
3,17,15,8,97,32,0.2668
3,18,15,8,97,32,0.2672
3,18,15,8,97,32,0.2676
3,18,15,8,99,32,0.268
3,18,15,8,99,32,0.2684
3,18,15,8,100,32,0.2688
3,18,15,8,102,32,0.2692
3,18,15,8,103,32,0.2696
3,18,15,8,103,32,0.27
3,18,15,8,105,32,0.2704
3,19,15,8,106,33,0.2708
3,19,15,8,107,33,0.2712
3,19,15,8,108,33,0.2716
3,20,15,8,110,33,0.272
3,20,15,8,111,33,0.2724
3,20,15,8,113,33,0.2728
3,20,15,8,114,33,0.2732
3,20,15,8,115,33,0.2736
3,21,15,8,116,33,0.274
3,21,15,8,117,33,0.2744
3,21,15,8,118,33,0.2748
3,21,15,8,118,33,0.2752
3,21,15,8,120,33,0.2756
3,21,15,8,121,33,0.276
3,21,15,8,122,34,0.2764
3,21,15,8,123,34,0.2768
3,21,15,8,124,34,0.2772
3,21,15,8,124,34,0.2776
3,21,15,8,126,34,0.278
3,21,15,8,127,34,0.2784
3,21,15,8,129,34,0.2788
3,21,15,8,131,34,0.2792
3,22,15,8,132,34,0.2796
3,22,15,8,134,34,0.28
3,24,15,8,134,34,0.2804
3,24,15,8,136,34,0.2808
3,24,15,8,136,34,0.2812
3,24,15,8,136,34,0.2816
3,24,15,8,136,34,0.282
3,25,15,8,137,34,0.2824
3,25,15,8,137,34,0.2828
3,25,15,8,137,34,0.2832
3,27,15,8,138,34,0.2836
3,27,15,8,139,34,0.284
3,27,15,8,139,34,0.2844
3,27,15,8,140,34,0.2848
3,27,15,8,140,34,0.2852
3,27,15,8,142,34,0.2856
3,27,16,8,143,34,0.286
3,27,16,8,144,34,0.2864
3,28,16,8,145,34,0.2868
3,28,16,8,146,34,0.2872
3,28,16,8,147,35,0.2876
3,28,16,8,148,35,0.288
3,28,16,8,149,35,0.2884
3,28,16,8,149,35,0.2888
3,28,16,8,150,35,0.2892
3,28,16,8,150,35,0.2896
3,28,16,8,150,35,0.29
3,28,16,8,152,35,0.2904
3,28,16,8,153,35,0.2908
3,28,16,8,154,35,0.2912
3,28,16,8,156,35,0.2916
3,28,16,8,158,35,0.292
3,29,16,8,160,35,0.2924
3,29,16,8,161,36,0.2928
3,29,16,8,162,36,0.2932
3,29,16,8,162,36,0.2936
3,29,16,8,164,36,0.294
3,29,16,8,164,36,0.2944
3,30,16,8,165,36,0.2948
3,30,16,8,167,36,0.2952
3,30,16,8,167,36,0.2956
3,30,16,8,167,36,0.296
3,30,16,8,167,36,0.2964
3,30,16,8,167,36,0.2968
3,30,16,8,168,37,0.2972
3,30,16,8,169,37,0.2976
3,30,16,8,170,37,0.298
3,30,16,8,170,37,0.2984
3,30,16,8,170,37,0.2988
3,30,16,8,170,38,0.2992
3,32,16,8,170,38,0.2996
3,33,16,8,171,38,0.3
3,33,16,8,172,38,0.3004
3,33,16,8,173,38,0.3008
3,33,16,8,174,38,0.3012
3,33,16,8,176,38,0.3016
3,34,16,8,176,38,0.302
3,34,16,8,177,38,0.3024
3,34,16,8,178,39,0.3028
3,34,16,8,179,39,0.3032
3,35,16,8,181,39,0.3036
3,35,16,8,181,39,0.304
3,35,16,8,181,39,0.3044
3,35,16,8,181,39,0.3048
3,35,16,8,181,39,0.3052
3,35,16,8,181,39,0.3056
3,35,16,8,181,39,0.306
3,35,16,8,181,39,0.3064
3,35,16,8,181,39,0.3068
4,35,16,8,181,39,0.3072
4,35,16,8,182,39,0.3076
4,35,16,8,182,39,0.308
4,35,16,8,182,39,0.3084
4,36,16,8,183,39,0.3088
4,36,16,8,184,41,0.3092
4,36,16,8,185,41,0.3096
4,36,16,8,185,41,0.31
4,37,16,8,186,41,0.3104
4,38,16,8,188,41,0.3108
4,39,16,8,189,41,0.3112
4,40,16,8,191,41,0.3116
4,40,16,8,193,41,0.312
4,40,16,8,193,41,0.3124
4,40,16,9,193,42,0.3128
4,40,16,9,194,42,0.3132
4,40,16,9,196,42,0.3136
4,40,16,9,198,42,0.314
4,41,16,9,198,42,0.3144
4,41,16,9,199,42,0.3148
4,42,16,9,199,44,0.3152
4,43,17,9,199,44,0.3156
4,44,17,9,199,44,0.316
4,44,17,9,199,44,0.3164
4,44,17,9,199,44,0.3168
4,44,17,9,200,44,0.3172
4,44,17,9,201,44,0.3176
4,44,17,9,201,44,0.318
4,46,17,9,202,45,0.3184
4,46,17,9,204,45,0.3188
4,46,17,9,204,46,0.3192
4,46,17,9,204,46,0.3196
4,47,17,9,204,46,0.32
5,47,17,9,204,46,0.3204
5,48,17,9,205,46,0.3208
5,48,17,9,206,46,0.3212
5,49,18,10,206,46,0.3216
5,51,18,10,207,47,0.322
5,52,18,10,207,47,0.3224
5,54,18,10,208,47,0.3228
5,54,19,10,210,49,0.3232
5,54,19,10,212,49,0.3236
5,55,19,10,212,49,0.324
5,55,19,10,214,50,0.3244
5,55,19,10,214,51,0.3248
5,56,19,10,214,51,0.3252
5,57,19,10,214,52,0.3256
5,58,19,10,216,52,0.326
5,58,19,10,216,52,0.3264
5,60,19,10,216,53,0.3268
5,60,19,10,216,53,0.3272
5,60,20,10,217,54,0.3276
5,61,20,10,217,54,0.328
5,62,20,10,217,54,0.3284
5,62,20,10,218,54,0.3288
5,64,20,10,219,54,0.3292
5,65,20,11,221,54,0.3296
5,66,21,11,221,54,0.33
5,66,21,11,221,54,0.3304
5,67,22,11,221,56,0.3308
5,67,22,11,223,56,0.3312
5,69,22,11,223,56,0.3316
5,69,22,11,223,56,0.332
5,71,22,11,225,56,0.3324
5,72,22,11,226,56,0.3328
5,73,22,11,228,56,0.3332
5,74,22,11,230,57,0.3336
5,74,23,11,230,57,0.334
5,75,23,11,230,57,0.3344
5,75,23,11,232,57,0.3348
5,75,23,11,234,57,0.3352
5,76,23,12,235,58,0.3356
5,76,23,12,236,59,0.336
5,76,23,12,236,59,0.3364
5,76,23,12,237,60,0.3368
5,77,23,12,237,62,0.3372
5,78,23,12,237,62,0.3376
5,80,23,12,239,62,0.338
5,80,23,12,240,62,0.3384
5,81,23,12,240,62,0.3388
5,83,24,12,242,62,0.3392
5,84,24,12,243,62,0.3396
5,84,24,12,243,62,0.34
5,85,24,12,245,62,0.3404
5,85,24,12,246,62,0.3408
5,85,25,12,248,62,0.3412
5,86,25,12,248,62,0.3416
5,87,25,12,248,63,0.342
5,88,25,12,248,63,0.3424
5,88,25,12,248,63,0.3428
5,89,25,12,248,63,0.3432
5,90,25,12,250,65,0.3436
5,90,25,12,252,65,0.344
5,90,25,12,252,65,0.3444
5,90,25,12,254,65,0.3448
5,90,25,12,255,65,0.3452
5,92,25,12,256,65,0.3456
5,92,25,12,257,67,0.346
5,93,25,12,257,67,0.3464
5,94,25,12,257,67,0.3468
5,95,25,12,259,67,0.3472
5,96,25,12,259,67,0.3476
5,96,26,12,260,67,0.348
5,97,26,12,260,67,0.3484
5,98,26,12,260,67,0.3488
5,99,26,12,260,68,0.3492
5,100,26,12,260,68,0.3496
5,101,26,12,262,68,0.35
5,103,26,12,262,68,0.3504
5,104,26,12,263,68,0.3508
5,105,26,12,264,68,0.3512
5,105,27,12,265,69,0.3516
5,106,27,12,267,69,0.352
5,108,27,12,268,69,0.3524
5,109,27,12,269,69,0.3528
5,110,28,12,271,70,0.3532
5,111,28,12,271,70,0.3536
5,111,28,12,272,70,0.354
5,111,28,12,273,70,0.3544
5,111,29,12,275,70,0.3548
5,112,30,12,277,70,0.3552
5,112,31,12,278,73,0.3556
5,115,31,12,280,74,0.356
5,115,31,12,281,74,0.3564
5,115,31,12,283,74,0.3568
5,115,31,12,284,74,0.3572
5,115,31,12,285,74,0.3576
5,115,31,12,286,74,0.358
5,116,31,12,287,74,0.3584
5,118,31,12,288,75,0.3588
5,119,31,13,289,75,0.3592
5,119,32,13,291,76,0.3596
5,119,32,13,292,76,0.36
5,120,32,13,294,76,0.3604
5,122,32,14,296,76,0.3608
5,124,33,14,298,77,0.3612
5,125,33,14,299,78,0.3616
5,126,33,14,300,78,0.362
5,127,33,14,302,78,0.3624
5,127,33,14,303,78,0.3628
5,127,33,14,303,79,0.3632
5,127,33,14,303,79,0.3636
5,127,33,14,303,80,0.364
5,127,33,14,304,81,0.3644
5,127,33,14,305,81,0.3648
5,127,33,14,306,82,0.3652
5,128,33,14,307,82,0.3656
5,128,33,14,307,83,0.366
5,128,34,14,307,83,0.3664
5,128,34,14,307,84,0.3668
5,128,34,14,307,85,0.3672
5,128,34,14,308,86,0.3676
5,128,34,15,309,86,0.368
5,128,35,15,310,87,0.3684
5,128,35,15,311,87,0.3688
6,128,35,15,312,87,0.3692
6,128,35,15,314,87,0.3696
6,128,36,15,316,87,0.37
6,128,36,15,317,89,0.3704
6,129,37,15,317,89,0.3708
6,130,37,16,317,89,0.3712
7,130,38,16,317,91,0.3716
7,130,38,16,318,92,0.372
7,130,38,16,318,92,0.3724
7,130,38,17,319,92,0.3728
7,131,38,18,320,92,0.3732
7,132,38,18,321,93,0.3736
7,132,39,18,321,93,0.374
7,133,40,18,322,95,0.3744
7,133,40,18,323,95,0.3748
7,133,41,18,323,96,0.3752
7,133,42,18,324,97,0.3756
7,133,42,18,325,97,0.376
7,133,42,18,325,98,0.3764
7,134,42,19,327,98,0.3768
7,136,42,20,327,99,0.3772
7,136,42,21,327,99,0.3776
7,138,42,21,327,99,0.378
7,138,42,21,327,100,0.3784
7,139,42,21,328,101,0.3788
7,139,42,21,328,101,0.3792
7,139,42,22,329,102,0.3796
7,139,43,22,330,103,0.38
7,139,43,23,331,103,0.3804
7,140,43,24,331,104,0.3808
7,140,43,24,332,105,0.3812
7,140,43,24,332,106,0.3816
7,140,44,25,332,107,0.382
7,142,46,26,333,107,0.3824
7,143,46,27,333,107,0.3828
7,143,46,27,334,107,0.3832
7,144,46,29,334,108,0.3836
7,144,47,29,336,108,0.384
7,144,47,29,336,110,0.3844
7,144,47,29,337,110,0.3848
7,144,47,29,338,110,0.3852
7,144,47,29,339,110,0.3856
7,144,47,29,339,112,0.386
7,146,47,30,339,112,0.3864
7,149,47,30,340,112,0.3868
7,150,48,30,340,112,0.3872
7,150,48,31,341,113,0.3876
7,152,48,31,342,113,0.388
7,153,48,32,342,113,0.3884
7,155,48,32,344,114,0.3888
7,156,48,32,344,114,0.3892
7,157,49,32,345,115,0.3896
7,158,49,32,346,115,0.39
7,158,49,32,347,115,0.3904
7,158,49,33,348,116,0.3908
7,158,50,34,348,116,0.3912
7,160,51,35,349,118,0.3916
7,161,52,35,350,118,0.392
7,163,52,35,350,120,0.3924
7,163,52,35,352,120,0.3928
7,165,52,35,354,120,0.3932
7,167,52,35,355,121,0.3936
7,167,52,37,356,121,0.394
7,167,52,38,357,122,0.3944
7,167,52,38,358,122,0.3948
7,168,54,38,360,123,0.3952
7,168,54,40,361,124,0.3956
7,169,54,40,362,126,0.396
7,169,54,42,363,127,0.3964
7,169,54,43,364,127,0.3968
7,171,54,43,365,127,0.3972
7,173,54,44,366,129,0.3976
8,176,56,46,367,129,0.398
8,176,57,46,368,130,0.3984
8,176,57,48,370,131,0.3988
8,176,57,49,370,131,0.3992
8,176,57,49,371,133,0.3996
8,178,58,50,373,133,0.4
8,179,58,51,374,133,0.4004
8,179,58,53,376,133,0.4008
8,179,59,53,377,133,0.4012
8,179,59,54,379,134,0.4016
8,179,59,56,380,134,0.402
8,181,59,57,381,135,0.4024
8,181,59,58,383,137,0.4028
8,181,60,58,385,138,0.4032
8,181,60,58,386,138,0.4036
8,181,60,59,387,139,0.404
8,182,61,59,388,139,0.4044
8,182,61,59,390,139,0.4048
8,184,61,59,391,141,0.4052
8,187,61,61,392,143,0.4056
8,188,61,62,394,144,0.406
8,188,61,64,396,145,0.4064
8,188,62,64,396,146,0.4068
8,189,62,64,398,146,0.4072
8,191,63,64,399,147,0.4076
8,192,63,66,399,148,0.408
8,192,63,66,400,148,0.4084
8,193,64,67,402,149,0.4088
8,193,64,68,402,150,0.4092
8,193,65,70,404,150,0.4096
8,194,67,71,404,151,0.41
8,194,67,72,404,152,0.4104
8,194,67,75,404,153,0.4108
8,196,69,75,406,153,0.4112
8,196,70,76,407,153,0.4116
8,198,71,78,409,153,0.412
8,198,71,78,411,154,0.4124
9,198,71,78,413,154,0.4128
9,199,71,79,415,154,0.4132
10,200,73,79,416,154,0.4136
10,201,73,80,417,156,0.414
10,201,74,82,417,156,0.4144
10,201,74,83,418,157,0.4148
10,202,75,85,418,158,0.4152
10,202,76,86,419,160,0.4156
10,202,76,87,420,161,0.416
10,203,76,87,421,162,0.4164
11,205,78,89,422,162,0.4168
11,208,78,90,424,162,0.4172
11,208,80,92,425,164,0.4176
11,209,81,92,426,164,0.418
11,211,82,92,428,165,0.4184
11,212,83,95,429,166,0.4188
11,212,83,97,429,166,0.4192
11,214,85,100,431,167,0.4196
11,214,85,101,433,169,0.42
11,214,86,101,434,170,0.4204
12,214,87,102,434,170,0.4208
12,214,87,104,436,170,0.4212
12,214,88,105,436,172,0.4216
12,215,88,106,437,173,0.422
12,216,89,108,438,175,0.4224
12,218,90,109,439,175,0.4228
12,219,90,109,439,175,0.4232
13,220,90,110,441,175,0.4236
13,220,92,111,442,177,0.424
13,221,92,113,442,177,0.4244
13,221,93,115,444,179,0.4248
13,221,94,115,445,180,0.4252
13,221,94,116,446,181,0.4256
13,222,94,117,448,182,0.426
13,224,97,118,449,182,0.4264
14,226,98,120,451,183,0.4268
14,227,99,121,453,183,0.4272
14,228,100,122,453,184,0.4276
14,229,101,123,453,186,0.428
14,231,101,124,453,187,0.4284
14,233,101,126,454,188,0.4288
14,235,101,127,454,188,0.4292
14,236,102,129,454,189,0.4296
14,238,104,130,454,189,0.43
14,239,104,132,455,190,0.4304
14,241,104,132,456,191,0.4308
14,242,105,132,456,194,0.4312
14,243,106,134,456,194,0.4316
14,244,108,135,456,195,0.432
14,246,110,137,457,197,0.4324
14,248,110,138,459,197,0.4328
14,250,110,139,459,199,0.4332
14,251,110,140,459,199,0.4336
14,253,112,142,460,200,0.434
14,255,114,143,461,201,0.4344
14,256,115,144,462,202,0.4348
14,258,116,146,462,203,0.4352
14,259,116,148,462,204,0.4356
14,261,117,148,462,204,0.436
14,263,117,149,464,206,0.4364
14,265,117,150,465,207,0.4368
14,267,117,151,466,208,0.4372
14,269,119,153,467,209,0.4376
14,271,119,154,468,211,0.438
14,273,120,156,470,213,0.4384
14,275,121,158,471,214,0.4388
15,276,122,159,471,215,0.4392
15,278,124,161,472,216,0.4396
15,280,124,163,472,217,0.44
15,282,124,164,473,217,0.4404
15,283,124,166,473,217,0.4408
15,284,125,168,474,219,0.4412
15,286,125,169,474,220,0.4416
15,288,125,170,474,220,0.442
15,290,126,171,476,224,0.4424
15,292,126,173,477,225,0.4428
15,294,126,174,479,225,0.4432
15,294,127,176,479,226,0.4436
15,296,127,177,479,227,0.444
15,297,128,178,479,228,0.4444
15,299,130,179,481,228,0.4448
15,301,131,181,481,230,0.4452
15,303,132,183,481,232,0.4456
15,305,133,185,482,233,0.446
15,307,133,186,484,234,0.4464
15,308,134,187,484,235,0.4468
15,310,134,189,485,237,0.4472
15,312,134,190,487,238,0.4476
15,314,134,190,487,240,0.448
15,316,134,191,487,240,0.4484
15,318,135,192,487,242,0.4488
15,320,136,194,488,244,0.4492
15,322,137,196,490,244,0.4496
15,324,139,198,490,246,0.45
15,326,140,200,491,246,0.4504
15,328,142,201,493,248,0.4508
15,330,142,202,494,248,0.4512
15,332,142,203,496,249,0.4516
15,334,142,205,497,249,0.452
15,335,143,207,498,250,0.4524
15,337,143,209,498,252,0.4528
15,338,144,210,498,253,0.4532
15,340,145,211,498,255,0.4536
15,342,145,212,500,256,0.454
15,344,146,214,500,256,0.4544
15,346,148,216,501,258,0.4548
15,348,149,218,501,258,0.4552
15,349,150,220,502,260,0.4556
15,351,151,222,503,262,0.456
15,353,152,224,504,262,0.4564
15,355,152,226,505,264,0.4568
15,357,152,227,507,265,0.4572
15,358,153,229,508,265,0.4576
15,360,154,232,508,267,0.458
15,362,154,233,510,267,0.4584
15,364,155,235,511,269,0.4588
15,365,156,236,512,270,0.4592
15,366,157,237,513,271,0.4596
15,368,157,238,513,272,0.46
16,370,159,240,513,274,0.4604
16,372,160,242,514,274,0.4608
16,374,162,244,516,276,0.4612
16,376,163,246,517,278,0.4616
16,378,164,247,518,280,0.462
16,380,164,249,518,282,0.4624
16,382,166,251,520,283,0.4628
16,383,166,252,521,285,0.4632
16,385,167,254,523,285,0.4636
16,387,168,256,525,287,0.464
16,389,169,258,525,289,0.4644
16,391,170,260,525,290,0.4648
15,393,171,261,527,292,0.4652
15,394,172,263,529,293,0.4656
15,396,172,265,530,295,0.466
15,398,173,265,532,296,0.4664
15,400,175,267,533,299,0.4668
15,402,176,269,535,300,0.4672
15,403,176,271,537,301,0.4676
15,405,176,273,538,301,0.468
15,407,176,275,540,302,0.4684
15,409,177,277,542,303,0.4688
15,411,178,280,544,303,0.4692
15,412,179,282,546,305,0.4696
15,414,180,285,547,306,0.47
15,416,181,287,548,306,0.4704
15,417,182,289,550,308,0.4708
15,419,183,290,551,308,0.4712
15,420,183,292,553,310,0.4716
15,421,185,295,554,311,0.472
16,423,186,297,556,313,0.4724
16,425,187,299,557,313,0.4728
16,426,188,302,558,315,0.4732
16,428,189,304,559,315,0.4736
16,429,190,305,561,316,0.474
16,431,191,307,562,318,0.4744
16,433,192,309,563,320,0.4748
16,435,193,311,564,322,0.4752
16,437,195,313,564,324,0.4756
16,439,196,315,564,324,0.476
16,441,197,317,565,326,0.4764
16,443,198,319,565,326,0.4768
16,444,198,320,565,327,0.4772
16,445,198,322,567,330,0.4776
17,447,199,323,568,330,0.478
17,449,200,324,568,331,0.4784
17,450,201,326,569,333,0.4788
17,451,203,328,571,335,0.4792
17,452,203,329,571,336,0.4796
17,454,203,331,572,338,0.48
17,455,204,333,573,339,0.4804
17,457,205,334,573,340,0.4808
16,459,206,336,574,341,0.4812
16,461,207,337,575,343,0.4816
17,462,208,339,577,344,0.482
17,464,209,341,578,345,0.4824
17,465,209,343,580,346,0.4828
17,467,211,344,581,347,0.4832
17,468,213,346,582,349,0.4836
17,469,213,348,582,351,0.484
18,471,214,349,584,352,0.4844
18,472,215,351,584,354,0.4848
18,474,215,353,584,356,0.4852
18,476,216,355,584,357,0.4856
18,478,216,356,584,359,0.486
18,480,217,357,585,360,0.4864
18,481,219,359,585,361,0.4868
18,483,220,361,587,363,0.4872
18,485,220,362,589,363,0.4876
18,487,221,364,589,365,0.488
18,488,222,366,590,366,0.4884
18,490,223,369,590,367,0.4888
18,492,225,371,591,368,0.4892
18,494,227,372,592,369,0.4896
17,496,229,373,592,369,0.49
17,498,229,375,594,370,0.4904
17,500,230,377,595,371,0.4908
17,502,232,379,596,373,0.4912
17,504,234,380,598,374,0.4916
17,506,236,382,599,376,0.492
17,508,237,384,600,378,0.4924
17,510,239,386,602,380,0.4928
17,512,241,387,602,382,0.4932
17,514,242,389,604,383,0.4936
17,515,243,392,605,384,0.494
17,517,245,394,606,386,0.4944
17,518,246,395,607,388,0.4948
17,520,247,397,608,390,0.4952
17,522,248,399,609,392,0.4956
18,524,249,401,610,393,0.496
18,526,250,403,612,395,0.4964
18,527,251,404,613,397,0.4968
18,528,254,406,614,399,0.4972
18,530,255,408,616,401,0.4976
18,532,256,410,618,403,0.498
19,534,257,411,619,405,0.4984
19,535,258,413,619,406,0.4988
19,536,260,414,621,407,0.4992
18,537,261,416,622,409,0.4996
18,539,262,417,622,411,0.5
18,541,263,419,622,412,0.5004
18,543,264,421,622,413,0.5008
18,544,266,423,622,414,0.5012
19,546,267,425,622,416,0.5016
19,548,268,427,623,417,0.502
19,550,269,429,625,418,0.5024
19,552,271,430,625,419,0.5028
19,554,272,431,627,420,0.5032
19,556,275,432,627,423,0.5036
19,558,276,433,629,424,0.504
19,560,277,435,631,427,0.5044
19,562,279,437,632,428,0.5048
19,564,281,439,633,430,0.5052
19,565,282,441,634,433,0.5056
19,567,283,443,635,434,0.506
19,569,285,445,637,435,0.5064
19,570,287,446,637,436,0.5068
19,571,289,449,639,437,0.5072
19,572,290,452,640,438,0.5076
19,574,292,454,641,440,0.508
19,576,293,456,642,442,0.5084
19,578,294,457,644,444,0.5088
19,580,296,458,645,446,0.5092
19,582,298,461,646,448,0.5096
19,583,300,462,647,450,0.51
19,585,302,463,648,452,0.5104
19,587,305,466,648,454,0.5108
19,588,306,467,650,455,0.5112
19,590,309,470,652,457,0.5116
19,591,311,473,654,458,0.512
19,593,312,476,655,459,0.5124
20,595,313,479,656,461,0.5128
20,597,314,480,658,463,0.5132
20,599,317,481,658,465,0.5136
19,601,318,482,660,467,0.514
19,603,319,484,661,469,0.5144
19,605,322,485,661,469,0.5148
19,606,323,487,663,470,0.5152
19,608,324,489,663,472,0.5156
19,610,325,491,664,474,0.516
19,611,328,493,666,476,0.5164
19,613,329,494,666,476,0.5168
19,615,330,495,667,477,0.5172
20,617,331,496,669,478,0.5176
19,619,332,497,671,479,0.518
19,621,333,498,671,480,0.5184
19,623,334,499,671,481,0.5188
20,625,335,501,673,482,0.5192
20,626,337,503,674,483,0.5196
20,627,339,505,674,484,0.52
20,628,341,507,676,487,0.5204
20,630,342,509,677,488,0.5208
20,632,343,511,678,489,0.5212
20,634,344,512,678,492,0.5216
20,634,345,514,680,493,0.522
20,635,348,516,681,496,0.5224
20,637,349,518,682,497,0.5228
20,639,351,519,684,500,0.5232
20,640,352,521,686,501,0.5236
20,642,353,523,687,504,0.524
20,644,355,525,688,505,0.5244
20,646,357,527,690,506,0.5248
19,648,358,529,692,509,0.5252
19,650,360,531,693,512,0.5256
19,652,362,533,695,512,0.526
19,654,364,535,696,513,0.5264
19,655,365,537,697,514,0.5268
19,657,366,539,698,515,0.5272
19,659,368,540,699,516,0.5276
19,661,370,542,700,517,0.528
19,663,372,543,702,519,0.5284
20,664,374,544,703,521,0.5288
20,665,376,545,704,523,0.5292
20,666,377,546,705,525,0.5296
20,667,379,547,706,526,0.53
20,668,381,548,708,528,0.5304
19,669,382,549,708,530,0.5308
20,670,384,550,710,532,0.5312
20,671,386,551,711,534,0.5316
20,672,387,552,712,536,0.532
20,673,388,553,713,538,0.5324
20,674,389,554,713,540,0.5328
20,675,390,555,713,542,0.5332
20,676,391,556,715,544,0.5336
20,677,392,557,716,546,0.534
20,678,393,558,717,548,0.5344
20,679,395,559,717,550,0.5348
20,680,397,561,718,552,0.5352
20,681,398,562,720,554,0.5356
21,682,399,564,721,556,0.536
21,682,400,565,722,557,0.5364
21,683,402,567,722,559,0.5368
21,684,403,568,722,561,0.5372
21,685,404,570,722,563,0.5376
21,686,405,571,723,565,0.538
21,687,406,573,724,566,0.5384
21,688,407,575,726,567,0.5388
21,689,408,576,728,568,0.5392
21,690,409,577,729,569,0.5396
21,691,410,578,731,570,0.54
21,692,411,579,732,571,0.5404
21,693,412,580,733,572,0.5408
21,694,414,581,734,573,0.5412
22,695,415,582,735,574,0.5416
22,696,416,583,735,575,0.542
22,697,418,585,737,576,0.5424
23,698,419,587,739,577,0.5428
23,699,420,589,741,578,0.5432
23,700,422,590,742,579,0.5436
25,701,424,592,744,580,0.544
25,702,425,594,745,581,0.5444
24,703,427,595,746,582,0.5448
24,704,429,597,748,583,0.5452
24,705,430,599,749,585,0.5456
24,706,432,600,750,587,0.546
24,707,434,601,752,589,0.5464
25,708,436,603,753,591,0.5468
26,709,438,605,754,593,0.5472
26,710,440,606,755,595,0.5476
27,711,442,607,756,596,0.548
27,712,444,609,757,597,0.5484
27,713,446,610,758,599,0.5488
27,714,448,611,759,601,0.5492
28,715,450,613,760,603,0.5496
28,716,451,615,761,605,0.55
28,717,453,616,762,607,0.5504
28,718,455,618,763,609,0.5508
28,719,456,619,764,611,0.5512
28,720,457,620,765,613,0.5516
28,721,458,622,766,615,0.552
28,722,458,623,767,617,0.5524
28,723,460,625,768,619,0.5528
28,724,461,627,769,621,0.5532
28,725,463,628,770,623,0.5536
28,726,464,629,771,625,0.554
28,727,465,630,772,626,0.5544
28,728,466,631,773,627,0.5548
28,729,467,632,774,628,0.5552
28,730,469,633,775,629,0.5556
28,731,470,634,776,630,0.556
28,732,472,634,777,631,0.5564
27,733,474,635,778,632,0.5568
27,734,476,636,779,633,0.5572
27,735,478,637,780,634,0.5576
27,736,480,638,781,635,0.558
27,737,482,639,782,636,0.5584
27,738,484,640,784,637,0.5588
27,739,486,641,785,638,0.5592
27,740,488,642,786,639,0.5596
27,741,490,643,787,640,0.56
27,742,492,644,788,641,0.5604
27,743,494,645,789,642,0.5608
27,744,496,646,790,643,0.5612
27,745,498,647,791,644,0.5616
27,746,500,648,792,645,0.562
27,747,501,649,793,646,0.5624
27,748,503,650,794,647,0.5628
27,749,505,651,795,648,0.5632
26,750,507,652,796,649,0.5636
26,751,509,653,797,650,0.564
27,752,511,654,798,651,0.5644
27,753,512,655,799,652,0.5648
27,754,513,656,800,653,0.5652
27,755,514,657,801,654,0.5656
27,756,515,658,802,655,0.566
28,757,516,659,803,656,0.5664
28,758,517,660,804,657,0.5668
28,759,518,661,805,658,0.5672
28,760,519,662,806,659,0.5676
28,761,520,663,807,660,0.568
28,762,521,664,808,661,0.5684
28,763,522,665,809,662,0.5688
28,764,523,666,810,663,0.5692
28,765,524,667,811,664,0.5696
28,766,525,668,812,665,0.57
28,767,526,669,813,666,0.5704
28,768,527,670,814,667,0.5708
28,769,528,671,815,668,0.5712
28,770,529,672,816,669,0.5716
28,771,530,673,817,670,0.572
28,772,531,673,818,671,0.5724
28,773,532,674,819,672,0.5728
28,774,533,675,820,673,0.5732
28,775,534,676,821,674,0.5736
28,776,535,677,822,675,0.574
28,777,536,678,823,676,0.5744
28,778,537,679,824,677,0.5748
28,779,538,680,825,678,0.5752
28,780,539,681,826,679,0.5756
28,781,540,682,827,680,0.576
28,782,541,683,828,681,0.5764
28,783,542,684,829,682,0.5768
28,784,543,685,830,683,0.5772
28,785,544,686,831,684,0.5776
28,786,545,687,832,685,0.578
28,787,546,688,833,686,0.5784
28,788,547,689,834,687,0.5788
28,789,548,690,835,688,0.5792
28,790,549,691,836,689,0.5796
28,791,550,692,837,690,0.58
28,792,551,693,838,691,0.5804
28,793,552,694,839,692,0.5808
29,794,553,695,840,693,0.5812
30,795,554,696,841,694,0.5816
30,796,555,697,842,695,0.582
29,797,556,698,843,696,0.5824
29,798,557,699,844,697,0.5828
29,799,558,700,845,698,0.5832
29,800,559,701,846,699,0.5836
29,801,560,702,847,700,0.584
29,802,561,703,848,701,0.5844
29,803,562,704,849,702,0.5848
29,804,563,705,850,703,0.5852
29,805,564,706,851,704,0.5856
29,806,565,707,852,705,0.586
29,807,566,708,853,706,0.5864
29,808,567,709,854,707,0.5868
29,809,568,710,855,708,0.5872
29,810,569,711,856,709,0.5876
29,811,570,712,857,710,0.588
29,812,571,713,858,711,0.5884
29,813,572,714,859,712,0.5888
29,814,573,715,860,713,0.5892
29,815,574,716,861,714,0.5896
29,816,575,717,862,715,0.59
29,817,576,718,863,716,0.5904
29,818,577,719,864,717,0.5908
29,819,578,720,865,718,0.5912
30,820,579,721,866,719,0.5916
29,821,580,722,867,720,0.592
29,822,581,723,868,721,0.5924
29,823,582,724,869,722,0.5928
29,824,583,725,870,723,0.5932
29,825,584,726,871,724,0.5936
30,826,585,727,872,725,0.594
30,827,586,728,873,726,0.5944
30,828,587,729,874,727,0.5948
30,829,588,730,875,728,0.5952
30,830,589,731,876,729,0.5956
30,831,590,732,877,730,0.596
30,832,591,733,878,731,0.5964
30,833,592,734,879,732,0.5968
30,834,593,735,880,733,0.5972
30,835,594,736,881,734,0.5976
30,836,595,737,881,735,0.598
31,837,596,738,881,736,0.5984
31,838,597,739,881,737,0.5988
31,839,598,740,881,738,0.5992
31,840,599,741,881,739,0.5996
31,841,600,742,881,740,0.6
31,842,601,743,881,741,0.6004
31,843,602,744,881,742,0.6008
32,844,603,745,881,743,0.6012
32,844,604,746,881,744,0.6016
32,844,605,747,881,745,0.602
32,844,606,748,881,746,0.6024
32,844,607,749,881,747,0.6028
32,844,608,750,881,748,0.6032
32,844,609,751,881,749,0.6036
32,844,610,752,881,750,0.604
32,844,611,753,881,751,0.6044
32,844,612,754,881,752,0.6048
32,844,613,755,881,753,0.6052
32,844,614,756,881,754,0.6056
33,844,615,757,881,755,0.606
33,844,616,758,881,756,0.6064
33,844,617,759,881,757,0.6068
33,844,618,760,881,758,0.6072
33,844,619,761,881,759,0.6076
34,844,620,762,881,760,0.608
34,844,621,763,881,761,0.6084
34,844,622,764,881,762,0.6088
34,844,623,765,881,763,0.6092
34,844,624,766,881,764,0.6096
35,844,625,767,881,765,0.61
35,844,626,768,881,766,0.6104
35,844,627,769,881,767,0.6108
35,844,628,770,881,768,0.6112
35,844,629,771,881,769,0.6116
35,844,630,772,881,770,0.612
35,844,631,773,881,771,0.6124
35,844,632,773,881,772,0.6128
35,844,633,773,881,771,0.6132
35,844,634,773,881,770,0.6136
35,844,635,773,881,769,0.614
35,844,636,773,881,769,0.6144
35,844,637,773,881,768,0.6148
36,844,638,773,881,768,0.6152
36,844,639,773,881,767,0.6156
36,844,640,773,881,766,0.616
37,844,641,773,881,765,0.6164
37,844,642,773,881,764,0.6168
37,844,643,773,881,763,0.6172
37,844,644,773,881,763,0.6176
37,844,645,773,881,763,0.618
37,844,646,773,881,762,0.6184
37,844,647,773,881,761,0.6188
37,844,648,773,881,760,0.6192
38,844,649,773,881,759,0.6196
38,844,650,773,881,758,0.62
39,844,650,773,881,757,0.6204
39,844,651,773,881,756,0.6208
39,844,652,773,881,755,0.6212
39,844,653,773,881,755,0.6216
39,844,654,773,881,754,0.622
39,844,655,773,881,753,0.6224
39,844,656,773,881,752,0.6228
40,844,657,773,881,751,0.6232
40,844,658,773,881,750,0.6236
40,844,659,773,881,749,0.624
40,844,659,773,881,748,0.6244
40,844,660,773,881,747,0.6248
40,844,661,773,881,746,0.6252
40,844,662,773,881,746,0.6256
40,844,663,773,881,745,0.626
40,844,664,773,881,745,0.6264
40,844,665,773,881,744,0.6268
40,844,666,773,881,743,0.6272
40,844,667,773,881,742,0.6276
40,844,668,773,881,742,0.628
41,844,669,773,881,741,0.6284
41,844,670,773,881,740,0.6288
41,844,671,773,881,739,0.6292
42,844,672,773,881,738,0.6296
42,844,673,773,881,738,0.63
41,844,674,773,881,737,0.6304
41,844,675,773,881,736,0.6308
41,844,676,773,881,735,0.6312
40,844,677,773,881,735,0.6316
40,844,678,773,881,734,0.632
40,844,679,773,881,734,0.6324
40,844,680,773,881,734,0.6328
40,844,681,773,881,734,0.6332
41,844,682,773,881,733,0.6336
41,844,683,773,881,732,0.634
41,844,684,773,881,731,0.6344
41,844,685,773,881,731,0.6348
41,844,686,773,881,731,0.6352
41,844,687,773,881,730,0.6356
41,844,688,773,881,729,0.636
42,844,689,773,881,729,0.6364
42,844,690,773,881,728,0.6368
43,844,691,773,881,727,0.6372
44,844,692,773,881,726,0.6376
45,844,693,773,881,725,0.638
47,844,694,773,881,724,0.6384
48,844,695,773,881,723,0.6388
48,844,696,773,881,722,0.6392
48,844,697,773,881,721,0.6396
48,844,697,773,881,720,0.64
48,844,697,773,881,720,0.6404
49,844,697,773,881,719,0.6408
50,844,697,773,881,718,0.6412
50,844,697,773,881,718,0.6416
50,844,697,773,881,717,0.642
50,844,697,773,881,716,0.6424
51,844,697,773,881,715,0.6428
52,844,697,773,881,715,0.6432
52,844,697,773,881,714,0.6436
52,844,697,773,881,714,0.644
53,844,697,773,881,713,0.6444
53,844,697,773,881,713,0.6448
53,844,697,773,881,712,0.6452
54,844,697,773,881,711,0.6456
53,844,697,773,881,710,0.646
53,844,697,773,881,709,0.6464
53,844,697,773,881,708,0.6468
54,844,697,773,881,707,0.6472
57,844,697,773,881,706,0.6476
57,844,697,773,880,705,0.648
59,844,697,773,879,704,0.6484
59,844,697,773,878,703,0.6488
59,844,697,773,877,702,0.6492
59,844,697,773,876,701,0.6496
59,844,697,773,875,701,0.65
59,844,697,773,874,701,0.6504
59,844,697,773,873,700,0.6508
60,844,697,773,872,699,0.6512
61,844,697,773,871,698,0.6516
61,844,697,773,870,697,0.652
60,844,697,773,869,696,0.6524
61,844,697,773,868,695,0.6528
62,844,697,773,867,695,0.6532
63,844,697,773,866,694,0.6536
63,844,697,773,865,693,0.654
63,844,697,773,864,693,0.6544
63,844,697,773,863,692,0.6548
64,844,697,773,862,691,0.6552
64,844,697,773,861,690,0.6556
64,844,697,773,860,689,0.656
64,844,697,773,859,688,0.6564
64,844,697,773,858,687,0.6568
65,844,697,773,857,687,0.6572
65,844,697,773,856,686,0.6576
67,844,697,773,855,685,0.658
67,844,697,773,854,684,0.6584
67,844,697,773,853,683,0.6588
67,844,697,773,852,683,0.6592
68,844,697,773,851,682,0.6596
68,844,697,773,850,682,0.66
68,844,697,773,849,681,0.6604
68,844,697,773,848,681,0.6608
68,844,697,773,847,680,0.6612
69,844,697,773,846,679,0.6616
71,844,697,773,845,678,0.662
71,844,697,773,844,677,0.6624
71,843,697,773,843,677,0.6628
71,842,697,773,842,677,0.6632
71,841,697,773,841,676,0.6636
71,840,697,773,840,675,0.664
71,839,697,773,839,674,0.6644
71,838,697,773,838,674,0.6648
71,837,697,773,837,673,0.6652
71,836,697,773,836,672,0.6656
71,835,697,773,835,671,0.666
73,834,697,773,834,670,0.6664
74,833,697,773,833,669,0.6668
74,832,697,773,832,668,0.6672
74,831,697,773,831,668,0.6676
74,830,697,773,830,667,0.668
76,829,697,773,829,667,0.6684
76,828,697,773,828,666,0.6688
76,827,697,773,827,665,0.6692
76,826,697,773,826,664,0.6696
76,825,697,773,825,663,0.67
76,824,697,773,824,662,0.6704
76,823,697,773,823,661,0.6708
76,822,697,773,822,661,0.6712
76,821,697,773,821,660,0.6716
76,820,697,773,820,659,0.672
76,819,697,773,819,658,0.6724
77,818,697,773,818,657,0.6728
77,817,697,773,817,656,0.6732
77,816,697,773,816,655,0.6736
77,815,697,773,815,655,0.674
77,814,697,773,814,654,0.6744
78,813,697,773,813,653,0.6748
78,812,697,773,812,652,0.6752
77,811,697,773,811,651,0.6756
77,810,697,773,810,650,0.676
77,809,697,773,809,649,0.6764
77,808,697,773,808,648,0.6768
77,807,697,773,807,647,0.6772
77,806,697,773,806,646,0.6776
78,805,697,773,805,646,0.678
78,804,697,773,804,646,0.6784
79,803,697,773,803,645,0.6788
79,802,697,773,802,644,0.6792
79,801,697,773,801,643,0.6796
79,800,697,773,800,642,0.68
78,799,697,773,799,642,0.6804
79,798,697,773,798,641,0.6808
79,797,697,773,797,641,0.6812
79,796,697,773,796,641,0.6816
79,795,697,773,795,640,0.682
79,794,697,773,794,640,0.6824
79,793,697,773,793,639,0.6828
79,792,697,773,792,638,0.6832
80,791,697,773,791,637,0.6836
80,790,697,773,790,636,0.684
82,789,697,773,789,636,0.6844
82,788,697,773,788,635,0.6848
82,787,697,773,787,634,0.6852
82,786,697,773,786,634,0.6856
82,785,697,773,785,633,0.686
82,784,697,773,784,632,0.6864
82,783,697,773,783,632,0.6868
82,782,697,773,782,631,0.6872
85,781,697,773,781,630,0.6876
86,780,697,773,780,629,0.688
86,779,697,773,779,628,0.6884
87,778,697,773,778,628,0.6888
87,777,697,773,777,627,0.6892
87,776,697,773,776,626,0.6896
87,775,697,773,775,625,0.69
86,774,697,773,774,624,0.6904
86,773,697,773,773,623,0.6908
86,772,697,772,772,622,0.6912
86,771,697,771,771,621,0.6916
86,770,697,770,770,620,0.692
86,769,697,769,769,620,0.6924
86,768,697,768,768,619,0.6928
87,767,697,767,767,619,0.6932
86,766,697,766,766,619,0.6936
86,765,697,765,765,618,0.694
86,764,697,764,764,617,0.6944
86,763,697,763,763,616,0.6948
86,762,697,762,762,616,0.6952
86,761,697,761,761,616,0.6956
86,760,697,760,760,615,0.696
86,759,697,759,759,614,0.6964
87,758,697,758,758,613,0.6968
86,757,697,757,757,612,0.6972
86,756,697,756,756,612,0.6976
85,755,697,755,755,612,0.698
85,754,697,754,754,611,0.6984
85,753,697,753,753,610,0.6988
85,752,697,752,752,609,0.6992
85,751,697,751,751,608,0.6996
84,750,697,750,750,607,0.7
84,749,697,749,749,607,0.7004
84,748,697,748,748,606,0.7008
85,747,697,747,747,605,0.7012
85,746,697,746,746,604,0.7016
85,745,697,745,745,603,0.702
85,744,697,744,744,602,0.7024
85,743,697,743,743,601,0.7028
86,742,697,742,742,600,0.7032
86,741,697,741,741,599,0.7036
86,740,697,740,740,598,0.704
87,739,697,739,739,597,0.7044
87,738,697,738,738,596,0.7048
87,737,697,737,737,595,0.7052
88,736,697,736,736,594,0.7056
88,735,697,735,735,593,0.706
88,734,697,734,734,592,0.7064
88,733,697,733,733,591,0.7068
88,732,697,732,732,591,0.7072
88,731,697,731,731,590,0.7076
89,730,697,730,730,590,0.708
89,729,697,729,729,589,0.7084
89,728,697,728,728,588,0.7088
89,727,697,727,727,587,0.7092
89,726,697,726,726,586,0.7096
89,725,697,725,725,585,0.71
89,724,697,724,724,584,0.7104
89,723,697,723,723,583,0.7108
89,722,697,722,722,582,0.7112
90,721,697,721,721,581,0.7116
91,720,697,720,720,580,0.712
91,719,697,719,719,579,0.7124
93,718,697,718,718,578,0.7128
94,717,697,717,717,577,0.7132
94,716,697,716,716,576,0.7136
95,715,697,715,715,575,0.714
95,714,697,714,714,575,0.7144
95,713,697,713,713,574,0.7148
95,712,697,712,712,573,0.7152
95,711,697,711,711,572,0.7156
95,710,697,710,710,572,0.716
96,709,697,709,709,572,0.7164
96,708,697,708,708,571,0.7168
96,707,697,707,707,571,0.7172
96,706,697,706,706,570,0.7176
96,705,697,705,705,570,0.718
96,704,697,704,704,569,0.7184
96,703,697,703,703,568,0.7188
95,702,697,702,702,567,0.7192
95,701,697,701,701,566,0.7196
96,700,697,700,700,565,0.72
96,699,697,699,699,564,0.7204
97,698,697,698,698,563,0.7208
97,697,697,697,697,562,0.7212
98,696,696,696,696,561,0.7216
98,695,695,695,695,561,0.722
98,694,694,694,694,560,0.7224
98,693,693,693,693,559,0.7228
98,692,692,692,692,558,0.7232
98,691,691,691,691,558,0.7236
99,690,690,690,690,557,0.724
99,689,689,689,689,556,0.7244
99,688,688,688,688,556,0.7248
99,687,687,687,687,555,0.7252
99,686,686,686,686,555,0.7256
99,685,685,685,685,555,0.726
99,684,684,684,684,554,0.7264
99,683,683,683,683,553,0.7268
99,682,682,682,682,552,0.7272
98,681,681,681,681,552,0.7276
99,680,680,680,680,551,0.728
98,679,679,679,679,550,0.7284
99,678,678,678,678,550,0.7288
99,677,677,677,677,549,0.7292
99,676,676,676,676,548,0.7296
99,675,675,675,675,547,0.73
99,674,674,674,674,546,0.7304
99,673,673,673,673,545,0.7308
99,672,672,672,672,544,0.7312
99,671,671,671,671,544,0.7316
99,670,670,670,670,544,0.732
98,669,669,669,669,543,0.7324
97,668,668,668,668,542,0.7328
97,667,667,667,667,542,0.7332
96,666,666,666,666,542,0.7336
97,665,665,665,665,541,0.734
97,664,664,664,664,540,0.7344
98,663,663,663,663,539,0.7348
98,662,662,662,662,538,0.7352
98,661,661,661,661,537,0.7356
98,660,660,660,660,536,0.736
98,659,659,659,659,535,0.7364
98,658,658,658,658,534,0.7368
97,657,657,657,657,534,0.7372
97,656,656,656,656,534,0.7376
98,655,655,655,655,533,0.738
98,654,654,654,654,532,0.7384
98,653,653,653,653,531,0.7388
98,652,652,652,652,530,0.7392
98,651,651,651,651,529,0.7396
98,650,650,650,650,528,0.74
99,649,649,649,649,528,0.7404
98,648,648,648,648,527,0.7408
98,647,647,647,647,526,0.7412
98,646,646,646,646,525,0.7416
100,645,645,645,645,524,0.742
101,644,644,644,644,523,0.7424
103,643,643,643,643,522,0.7428
104,642,642,642,642,521,0.7432
104,641,641,641,641,520,0.7436
104,640,640,640,640,519,0.744
104,639,639,639,639,518,0.7444
103,638,638,638,638,517,0.7448
102,637,637,637,637,516,0.7452
102,636,636,636,636,515,0.7456
103,635,635,635,635,514,0.746
104,634,634,634,634,513,0.7464
104,633,633,633,633,512,0.7468
105,632,632,632,632,511,0.7472
104,631,631,631,631,510,0.7476
105,630,630,630,630,510,0.748
105,629,629,629,629,509,0.7484
105,628,628,628,628,508,0.7488
105,627,627,627,627,507,0.7492
105,626,626,626,626,507,0.7496
104,625,625,625,625,506,0.75
104,624,624,624,624,506,0.7504
103,623,623,623,623,505,0.7508
104,622,622,622,622,504,0.7512
104,621,621,621,621,503,0.7516
105,620,620,620,620,503,0.752
105,619,619,619,619,502,0.7524
105,618,618,618,618,502,0.7528
105,617,617,617,617,501,0.7532
105,616,616,616,616,500,0.7536
113,615,615,615,615,499,0.754
113,614,614,614,614,498,0.7544
113,613,613,613,613,498,0.7548
113,612,612,612,612,497,0.7552
113,611,611,611,611,497,0.7556
114,610,610,610,610,496,0.756
115,609,609,609,609,495,0.7564
116,608,608,608,608,494,0.7568
116,607,607,607,607,493,0.7572
115,606,606,606,606,492,0.7576
115,605,605,605,605,491,0.758
116,604,604,604,604,490,0.7584
117,603,603,603,603,489,0.7588
117,602,602,602,602,489,0.7592
116,601,601,601,601,488,0.7596
117,600,600,600,600,487,0.76
117,599,599,599,599,486,0.7604
118,598,598,598,598,486,0.7608
118,597,597,597,597,485,0.7612
118,596,596,596,596,484,0.7616
118,595,595,595,595,484,0.762
118,594,594,594,594,483,0.7624
118,593,593,593,593,482,0.7628
118,592,592,592,592,482,0.7632
118,591,591,591,591,481,0.7636
118,590,590,590,590,480,0.764
118,589,589,589,589,479,0.7644
118,588,588,588,588,478,0.7648
119,587,587,587,587,477,0.7652
119,586,586,586,586,477,0.7656
119,585,585,585,585,476,0.766
119,584,584,584,584,475,0.7664
120,583,583,583,583,475,0.7668
120,582,582,582,582,474,0.7672
121,581,581,581,581,474,0.7676
121,580,580,580,580,473,0.768
122,579,579,579,579,472,0.7684
125,578,578,578,578,471,0.7688
125,577,577,577,577,470,0.7692
125,576,576,576,576,469,0.7696
126,575,575,575,575,468,0.77
126,574,574,574,574,468,0.7704
126,573,573,573,573,467,0.7708
126,572,572,572,572,466,0.7712
126,571,571,571,571,465,0.7716
126,570,570,570,570,464,0.772
126,569,569,569,569,464,0.7724
126,568,568,568,568,463,0.7728
126,567,567,567,567,462,0.7732
126,566,566,566,566,461,0.7736
125,565,565,565,565,460,0.774
125,564,564,564,564,459,0.7744
124,563,563,563,563,458,0.7748
125,562,562,562,562,457,0.7752
126,561,561,561,561,456,0.7756
128,560,560,560,560,455,0.776
128,559,559,559,559,454,0.7764
127,558,558,558,558,453,0.7768
127,557,557,557,557,452,0.7772
127,556,556,556,556,451,0.7776
127,555,555,555,555,450,0.778
127,554,554,554,554,449,0.7784
129,553,553,553,553,448,0.7788
130,552,552,552,552,447,0.7792
132,551,551,551,551,447,0.7796
133,550,550,550,550,447,0.78
134,549,549,549,549,446,0.7804
135,548,548,548,548,445,0.7808
135,547,547,547,547,444,0.7812
135,546,546,546,546,443,0.7816
138,545,545,545,545,442,0.782
139,544,544,544,544,442,0.7824
139,543,543,543,543,441,0.7828
139,542,542,542,542,440,0.7832
139,541,541,541,541,439,0.7836
141,540,540,540,540,439,0.784
141,539,539,539,539,439,0.7844
141,538,538,538,538,438,0.7848
142,537,537,537,537,437,0.7852
141,536,536,536,536,436,0.7856
141,535,535,535,535,435,0.786
142,534,534,534,534,434,0.7864
141,533,533,533,533,434,0.7868
141,532,532,532,532,434,0.7872
142,531,531,531,531,433,0.7876
142,530,530,530,530,433,0.788
144,529,529,529,529,432,0.7884
144,528,528,528,528,432,0.7888
144,527,527,527,527,431,0.7892
144,526,526,526,526,430,0.7896
144,525,525,525,525,429,0.79
143,524,524,524,524,428,0.7904
142,523,523,523,523,427,0.7908
142,522,522,522,522,426,0.7912
143,521,521,521,521,425,0.7916
144,520,520,520,520,424,0.792
144,519,519,519,519,423,0.7924
143,518,518,518,518,422,0.7928
145,517,517,517,517,421,0.7932
145,516,516,516,516,420,0.7936
145,515,515,515,515,419,0.794
146,514,514,514,514,418,0.7944
146,513,513,513,513,417,0.7948
147,512,512,512,512,416,0.7952
146,511,511,511,511,415,0.7956
145,510,510,510,510,414,0.796
146,509,509,509,509,414,0.7964
147,508,508,508,508,414,0.7968
148,507,507,507,507,413,0.7972
148,506,506,506,506,412,0.7976
148,505,505,505,505,411,0.798
147,504,504,504,504,411,0.7984
146,503,503,503,503,410,0.7988
148,502,502,502,502,409,0.7992
148,501,501,501,501,408,0.7996
149,500,500,500,500,407,0.8
148,499,499,499,499,406,0.8004
148,498,498,498,498,405,0.8008
150,497,497,497,497,405,0.8012
150,496,496,496,496,404,0.8016
152,495,495,495,495,403,0.802
153,494,494,494,494,402,0.8024
154,493,493,493,493,401,0.8028
155,492,492,492,492,400,0.8032
156,491,491,491,491,399,0.8036
156,490,490,490,490,399,0.804
156,489,489,489,489,398,0.8044
157,488,488,488,488,397,0.8048
157,487,487,487,487,397,0.8052
157,486,486,486,486,397,0.8056
156,485,485,485,485,396,0.806
156,484,484,484,484,395,0.8064
157,483,483,483,483,394,0.8068
159,482,482,482,482,394,0.8072
161,481,481,481,481,394,0.8076
160,480,480,480,480,394,0.808
161,479,479,479,479,394,0.8084
160,478,478,478,478,393,0.8088
159,477,477,477,477,392,0.8092
161,476,476,476,476,391,0.8096
161,475,475,475,475,391,0.81
162,474,474,474,474,391,0.8104
162,473,473,473,473,390,0.8108
163,472,472,472,472,390,0.8112
163,471,471,471,471,390,0.8116
163,470,470,470,470,389,0.812
162,469,469,469,469,389,0.8124
164,468,468,468,468,388,0.8128
164,467,467,467,467,387,0.8132
163,466,466,466,466,386,0.8136
163,465,465,465,465,386,0.814
163,464,464,464,464,385,0.8144
164,463,463,463,463,384,0.8148
164,462,462,462,462,383,0.8152
164,461,461,461,461,382,0.8156
164,460,460,460,460,381,0.816
163,459,459,459,459,380,0.8164
163,458,458,458,458,379,0.8168
162,457,457,457,457,378,0.8172
163,456,456,456,456,378,0.8176
165,455,455,455,455,377,0.818
165,454,454,454,454,376,0.8184
165,453,453,453,453,375,0.8188
165,452,452,452,452,375,0.8192
165,451,451,451,451,374,0.8196
166,450,450,450,450,373,0.82
165,449,449,449,449,372,0.8204
165,448,448,448,448,371,0.8208
165,447,447,447,447,371,0.8212
167,446,446,446,446,370,0.8216
167,445,445,445,445,370,0.822
167,444,444,444,444,369,0.8224
166,443,443,443,443,368,0.8228
165,442,442,442,442,367,0.8232
167,441,441,441,441,366,0.8236
168,440,440,440,440,365,0.824
167,439,439,439,439,364,0.8244
167,438,438,438,438,364,0.8248
167,437,437,437,437,363,0.8252
166,436,436,436,436,362,0.8256
165,435,435,435,435,361,0.826
165,434,434,434,434,360,0.8264
164,433,433,433,433,359,0.8268
164,432,432,432,432,358,0.8272
164,431,431,431,431,357,0.8276
163,430,430,430,430,356,0.828
164,429,429,429,429,355,0.8284
165,428,428,428,428,354,0.8288
166,427,427,427,427,353,0.8292
166,426,426,426,426,353,0.8296
167,425,425,425,425,352,0.83
170,424,424,424,424,351,0.8304
171,423,423,423,423,350,0.8308
170,422,422,422,422,349,0.8312
170,421,421,421,421,349,0.8316
170,420,420,420,420,348,0.832
170,419,419,419,419,348,0.8324
171,418,418,418,418,347,0.8328
170,417,417,417,417,346,0.8332
169,416,416,416,416,345,0.8336
169,415,415,415,415,344,0.834
172,414,414,414,414,343,0.8344
175,413,413,413,413,342,0.8348
175,412,412,412,412,342,0.8352
177,411,411,411,411,341,0.8356
177,410,410,410,410,340,0.836
177,409,409,409,409,339,0.8364
178,408,408,408,408,338,0.8368
177,407,407,407,407,337,0.8372
179,406,406,406,406,337,0.8376
182,405,405,405,405,336,0.838
181,404,404,404,404,335,0.8384
181,403,403,403,403,334,0.8388
181,402,402,402,402,333,0.8392
183,401,401,401,401,332,0.8396
182,400,400,400,400,331,0.84
181,399,399,399,399,330,0.8404
180,398,398,398,398,329,0.8408
179,397,397,397,397,328,0.8412
179,396,396,396,396,327,0.8416
178,395,395,395,395,327,0.842
178,394,394,394,394,326,0.8424
178,393,393,393,393,325,0.8428
177,392,392,392,392,324,0.8432
177,391,391,391,391,324,0.8436
177,390,390,390,390,323,0.844
177,389,389,389,389,323,0.8444
177,388,388,388,388,322,0.8448
178,387,387,387,387,321,0.8452
177,386,386,386,386,320,0.8456
177,385,385,385,385,319,0.846
177,384,384,384,384,319,0.8464
177,383,383,383,383,318,0.8468
176,382,382,382,382,317,0.8472
176,381,381,381,381,316,0.8476
175,380,380,380,380,316,0.848
175,379,379,379,379,315,0.8484
175,378,378,378,378,315,0.8488
177,377,377,377,377,314,0.8492
176,376,376,376,376,313,0.8496
175,375,375,375,375,312,0.85
174,374,374,374,374,311,0.8504
175,373,373,373,373,311,0.8508
175,372,372,372,372,310,0.8512
174,371,371,371,371,309,0.8516
174,370,370,370,370,308,0.852
174,369,369,369,369,307,0.8524
175,368,368,368,368,306,0.8528
175,367,367,367,367,305,0.8532
174,366,366,366,366,305,0.8536
173,365,365,365,365,305,0.854
172,364,364,364,364,304,0.8544
172,363,363,363,363,303,0.8548
173,362,362,362,362,303,0.8552
172,361,361,361,361,302,0.8556
171,360,360,360,360,301,0.856
172,359,359,359,359,300,0.8564
172,358,358,358,358,299,0.8568
171,357,357,357,357,298,0.8572
170,356,356,356,356,298,0.8576
169,355,355,355,355,298,0.858
168,354,354,354,354,297,0.8584
168,353,353,353,353,296,0.8588
168,352,352,352,352,295,0.8592
168,351,351,351,351,294,0.8596
169,350,350,350,350,293,0.86
168,349,349,349,349,293,0.8604
168,348,348,348,348,292,0.8608
168,347,347,347,347,291,0.8612
169,346,346,346,346,290,0.8616
169,345,345,345,345,289,0.862
169,344,344,344,344,288,0.8624
169,343,343,343,343,287,0.8628
168,342,342,342,342,287,0.8632
167,341,341,341,341,287,0.8636
166,340,340,340,340,286,0.864
167,339,339,339,339,286,0.8644
167,338,338,338,338,285,0.8648
167,337,337,337,337,284,0.8652
166,336,336,336,336,284,0.8656
169,335,335,335,335,283,0.866
169,334,334,334,334,283,0.8664
170,333,333,333,333,283,0.8668
171,332,332,332,332,282,0.8672
170,331,331,331,331,281,0.8676
170,330,330,330,330,280,0.868
169,329,329,329,329,280,0.8684
169,328,328,328,328,279,0.8688
168,327,327,327,327,278,0.8692
172,326,326,326,326,277,0.8696
171,325,325,325,325,276,0.87
171,324,324,324,324,275,0.8704
173,323,323,323,323,274,0.8708
172,322,322,322,322,273,0.8712
172,321,321,321,321,273,0.8716
172,320,320,320,320,272,0.872
171,319,319,319,319,271,0.8724
170,318,318,318,318,270,0.8728
169,317,317,317,317,270,0.8732
168,316,316,316,316,269,0.8736
169,315,315,315,315,268,0.874
168,314,314,314,314,267,0.8744
167,313,313,313,313,266,0.8748
166,312,312,312,312,265,0.8752
165,311,311,311,311,264,0.8756
166,310,310,310,310,263,0.876
165,309,309,309,309,262,0.8764
164,308,308,308,308,262,0.8768
163,307,307,307,307,261,0.8772
163,306,306,306,306,260,0.8776
164,305,305,305,305,259,0.878
164,304,304,304,304,258,0.8784
163,303,303,303,303,257,0.8788
163,302,302,302,302,256,0.8792
162,301,301,301,301,255,0.8796
161,300,300,300,300,254,0.88
160,299,299,299,299,254,0.8804
162,298,298,298,298,253,0.8808
161,297,297,297,297,252,0.8812
160,296,296,296,296,252,0.8816
161,295,295,295,295,251,0.882
161,294,294,294,294,250,0.8824
161,293,293,293,293,250,0.8828
160,292,292,292,292,249,0.8832
159,291,291,291,291,248,0.8836
159,290,290,290,290,248,0.884
158,289,289,289,289,247,0.8844
157,288,288,288,288,246,0.8848
157,287,287,287,287,245,0.8852
157,286,286,286,286,244,0.8856
156,285,285,285,285,243,0.886
155,284,284,284,284,242,0.8864
155,283,283,283,283,241,0.8868
154,282,282,282,282,240,0.8872
154,281,281,281,281,239,0.8876
153,280,280,280,280,238,0.888
153,279,279,279,279,237,0.8884
154,278,278,278,278,236,0.8888
155,277,277,277,277,235,0.8892
155,276,276,276,276,234,0.8896
155,275,275,275,275,233,0.89
155,274,274,274,274,232,0.8904
156,273,273,273,273,231,0.8908
156,272,272,272,272,230,0.8912
156,271,271,271,271,230,0.8916
156,270,270,270,270,230,0.892
155,269,269,269,269,229,0.8924
155,268,268,268,268,228,0.8928
156,267,267,267,267,228,0.8932
156,266,266,266,266,227,0.8936
155,265,265,265,265,227,0.894
154,264,264,264,264,226,0.8944
155,263,263,263,263,226,0.8948
155,262,262,262,262,225,0.8952
154,261,261,261,261,224,0.8956
153,260,260,260,260,223,0.896
153,259,259,259,259,222,0.8964
152,258,258,258,258,222,0.8968
152,257,257,257,257,221,0.8972
152,256,256,256,256,220,0.8976
151,255,255,255,255,219,0.898
150,254,254,254,254,218,0.8984
149,253,253,253,253,217,0.8988
148,252,252,252,252,216,0.8992
147,251,251,251,251,215,0.8996
146,250,250,250,250,214,0.9
145,249,249,249,249,213,0.9004
145,248,248,248,248,212,0.9008
145,247,247,247,247,211,0.9012
145,246,246,246,246,210,0.9016
145,245,245,245,245,209,0.902
144,244,244,244,244,208,0.9024
145,243,243,243,243,207,0.9028
146,242,242,242,242,206,0.9032
145,241,241,241,241,205,0.9036
145,240,240,240,240,204,0.904
146,239,239,239,239,203,0.9044
146,238,238,238,238,202,0.9048
145,237,237,237,237,201,0.9052
145,236,236,236,236,200,0.9056
145,235,235,235,235,199,0.906
145,234,234,234,234,199,0.9064
145,233,233,233,233,198,0.9068
145,232,232,232,232,197,0.9072
144,231,231,231,231,196,0.9076
144,230,230,230,230,195,0.908
145,229,229,229,229,194,0.9084
144,228,228,228,228,193,0.9088
144,227,227,227,227,193,0.9092
144,226,226,226,226,192,0.9096
143,225,225,225,225,192,0.91
143,224,224,224,224,192,0.9104
143,223,223,223,223,192,0.9108
143,222,222,222,222,191,0.9112
143,221,221,221,221,190,0.9116
143,220,220,220,220,189,0.912
142,219,219,219,219,188,0.9124
142,218,218,218,218,188,0.9128
142,217,217,217,217,187,0.9132
142,216,216,216,216,186,0.9136
142,215,215,215,215,186,0.914
143,214,214,214,214,185,0.9144
142,213,213,213,213,184,0.9148
141,212,212,212,212,183,0.9152
140,211,211,211,211,182,0.9156
139,210,210,210,210,182,0.916
140,209,209,209,209,181,0.9164
139,208,208,208,208,181,0.9168
138,207,207,207,207,180,0.9172
137,206,206,206,206,179,0.9176
136,205,205,205,205,178,0.918
135,204,204,204,204,177,0.9184
134,203,203,203,203,176,0.9188
133,202,202,202,202,175,0.9192
132,201,201,201,201,174,0.9196
132,200,200,200,200,174,0.92
133,199,199,199,199,174,0.9204
133,198,198,198,198,173,0.9208
133,197,197,197,197,172,0.9212
133,196,196,196,196,171,0.9216
133,195,195,195,195,170,0.922
132,194,194,194,194,169,0.9224
132,193,193,193,193,168,0.9228
132,192,192,192,192,167,0.9232
132,191,191,191,191,166,0.9236
132,190,190,190,190,165,0.924
131,189,189,189,189,164,0.9244
130,188,188,188,188,163,0.9248
131,187,187,187,187,162,0.9252
132,186,186,186,186,161,0.9256
132,185,185,185,185,160,0.926
131,184,184,184,184,159,0.9264
130,183,183,183,183,158,0.9268
129,182,182,182,182,157,0.9272
128,181,181,181,181,156,0.9276
128,180,180,180,180,156,0.928
128,179,179,179,179,155,0.9284
128,178,178,178,178,154,0.9288
127,177,177,177,177,153,0.9292
127,176,176,176,176,152,0.9296
126,175,175,175,175,152,0.93
125,174,174,174,174,151,0.9304
124,173,173,173,173,150,0.9308
123,172,172,172,172,149,0.9312
122,171,171,171,171,148,0.9316
122,170,170,170,170,147,0.932
122,169,169,169,169,146,0.9324
121,168,168,168,168,145,0.9328
120,167,167,167,167,144,0.9332
119,166,166,166,166,143,0.9336
119,165,165,165,165,142,0.934
118,164,164,164,164,141,0.9344
117,163,163,163,163,140,0.9348
117,162,162,162,162,139,0.9352
117,161,161,161,161,138,0.9356
116,160,160,160,160,137,0.936
115,159,159,159,159,136,0.9364
114,158,158,158,158,135,0.9368
113,157,157,157,157,134,0.9372
112,156,156,156,156,133,0.9376
111,155,155,155,155,132,0.938
110,154,154,154,154,131,0.9384
109,153,153,153,153,130,0.9388
111,152,152,152,152,130,0.9392
111,151,151,151,151,129,0.9396
111,150,150,150,150,128,0.94
110,149,149,149,149,127,0.9404
110,148,148,148,148,126,0.9408
110,147,147,147,147,125,0.9412
109,146,146,146,146,124,0.9416
108,145,145,145,145,123,0.942
107,144,144,144,144,122,0.9424
107,143,143,143,143,122,0.9428
106,142,142,142,142,121,0.9432
107,141,141,141,141,120,0.9436
107,140,140,140,140,119,0.944
106,139,139,139,139,118,0.9444
105,138,138,138,138,117,0.9448
105,137,137,137,137,116,0.9452
105,136,136,136,136,115,0.9456
104,135,135,135,135,114,0.946
103,134,134,134,134,113,0.9464
104,133,133,133,133,113,0.9468
103,132,132,132,132,112,0.9472
102,131,131,131,131,111,0.9476
103,130,130,130,130,110,0.948
103,129,129,129,129,109,0.9484
102,128,128,128,128,108,0.9488
101,127,127,127,127,108,0.9492
100,126,126,126,126,107,0.9496
99,125,125,125,125,106,0.95
98,124,124,124,124,105,0.9504
98,123,123,123,123,104,0.9508
97,122,122,122,122,103,0.9512
96,121,121,121,121,102,0.9516
95,120,120,120,120,101,0.952
94,119,119,119,119,100,0.9524
93,118,118,118,118,99,0.9528
92,117,117,117,117,98,0.9532
92,116,116,116,116,97,0.9536
92,115,115,115,115,96,0.954
92,114,114,114,114,95,0.9544
91,113,113,113,113,94,0.9548
91,112,112,112,112,93,0.9552
91,111,111,111,111,92,0.9556
90,110,110,110,110,91,0.956
90,109,109,109,109,90,0.9564
90,108,108,108,108,89,0.9568
89,107,107,107,107,88,0.9572
88,106,106,106,106,88,0.9576
87,105,105,105,105,88,0.958
86,104,104,104,104,87,0.9584
85,103,103,103,103,86,0.9588
84,102,102,102,102,85,0.9592
83,101,101,101,101,84,0.9596
83,100,100,100,100,83,0.96
82,99,99,99,99,82,0.9604
81,98,98,98,98,81,0.9608
80,97,97,97,97,80,0.9612
79,96,96,96,96,80,0.9616
78,95,95,95,95,80,0.962
77,94,94,94,94,79,0.9624
76,93,93,93,93,79,0.9628
75,92,92,92,92,78,0.9632
75,91,91,91,91,77,0.9636
74,90,90,90,90,76,0.964
73,89,89,89,89,75,0.9644
72,88,88,88,88,74,0.9648
71,87,87,87,87,73,0.9652
70,86,86,86,86,72,0.9656
70,85,85,85,85,71,0.966
69,84,84,84,84,71,0.9664
68,83,83,83,83,71,0.9668
67,82,82,82,82,70,0.9672
67,81,81,81,81,70,0.9676
66,80,80,80,80,69,0.968
65,79,79,79,79,68,0.9684
64,78,78,78,78,68,0.9688
64,77,77,77,77,67,0.9692
64,76,76,76,76,66,0.9696
64,75,75,75,75,65,0.97
63,74,74,74,74,64,0.9704
62,73,73,73,73,63,0.9708
61,72,72,72,72,63,0.9712
60,71,71,71,71,62,0.9716
59,70,70,70,70,61,0.972
58,69,69,69,69,60,0.9724
58,68,68,68,68,59,0.9728
58,67,67,67,67,58,0.9732
57,66,66,66,66,57,0.9736
56,65,65,65,65,56,0.974
55,64,64,64,64,56,0.9744
54,63,63,63,63,55,0.9748
53,62,62,62,62,54,0.9752
53,61,61,61,61,53,0.9756
52,60,60,60,60,52,0.976
51,59,59,59,59,51,0.9764
50,58,58,58,58,50,0.9768
49,57,57,57,57,49,0.9772
48,56,56,56,56,48,0.9776
47,55,55,55,55,47,0.978
46,54,54,54,54,47,0.9784
46,53,53,53,53,46,0.9788
45,52,52,52,52,45,0.9792
44,51,51,51,51,44,0.9796
44,50,50,50,50,43,0.98
43,49,49,49,49,42,0.9804
42,48,48,48,48,41,0.9808
42,47,47,47,47,40,0.9812
42,46,46,46,46,40,0.9816
41,45,45,45,45,39,0.982
40,44,44,44,44,38,0.9824
39,43,43,43,43,37,0.9828
38,42,42,42,42,36,0.9832
37,41,41,41,41,35,0.9836
37,40,40,40,40,34,0.984
36,39,39,39,39,34,0.9844
35,38,38,38,38,33,0.9848
34,37,37,37,37,32,0.9852
33,36,36,36,36,32,0.9856
32,35,35,35,35,31,0.986
31,34,34,34,34,30,0.9864
30,33,33,33,33,29,0.9868
29,32,32,32,32,28,0.9872
28,31,31,31,31,27,0.9876
27,30,30,30,30,26,0.988
27,29,29,29,29,25,0.9884
26,28,28,28,28,25,0.9888
25,27,27,27,27,24,0.9892
24,26,26,26,26,23,0.9896
23,25,25,25,25,22,0.99
22,24,24,24,24,22,0.9904
21,23,23,23,23,21,0.9908
20,22,22,22,22,21,0.9912
19,21,21,21,21,20,0.9916
18,20,20,20,20,19,0.992
17,19,19,19,19,18,0.9924
16,18,18,18,18,17,0.9928
15,17,17,17,17,17,0.9932
14,16,16,16,16,16,0.9936
13,15,15,15,15,15,0.994
13,14,14,14,14,14,0.9944
12,13,13,13,13,13,0.9948
11,12,12,12,12,12,0.9952
10,11,11,11,11,11,0.9956
10,10,10,10,10,10,0.996
9,9,9,9,9,9,0.9964
8,8,8,8,8,8,0.9968
7,7,7,7,7,7,0.9972
6,6,6,6,6,6,0.9976
5,5,5,5,5,5,0.998
4,4,4,4,4,4,0.9984
3,3,3,3,3,3,0.9988
2,2,2,2,2,2,0.9992
1,1,1,1,1,1,0.9996
